7044218812,5589708812,following
5589708812,7044218812,following
7044218812,5948209766,following
7044218812,6896373524,following
6896373524,7044218812,following
7044218812,5575133495,following
5575133495,7044218812,following
7044218812,1564245382,following
1564245382,7044218812,following
7044218812,5338420153,following
5338420153,7044218812,following
7044218812,2481058012,following
6680591963,2481058012,following
2982152367,2481058012,following
5671786192,2481058012,following
5142840067,2481058012,following
5601456932,2481058012,following
7044218812,1740577714,following
7044218812,1752502537,following
6680591963,1752502537,following
7044218812,2028810631,following
1740577714,2028810631,following
1784473157,2028810631,following
1904178193,2028810631,following
1642512402,2028810631,following
6651652733,2028810631,following
6004281123,2028810631,following
1642634100,2028810631,following
5044281310,2028810631,following
7044218812,1784473157,following
1752502537,1784473157,following
1904178193,1784473157,following
6651652733,1784473157,following
2803301701,1784473157,following
1750070171,1784473157,following
7044218812,1883881851,following
1752502537,1883881851,following
1926909715,1883881851,following
1246850033,1883881851,following
2481058012,1309302077,following
5671786192,1309302077,following
2714280233,1309302077,following
2481058012,1976599387,following
1740577714,5878659096,following
1752502537,5878659096,following
1883881851,5878659096,following
5589708812,5878659096,following
1642512402,5878659096,following
3494982177,5878659096,following
3725773862,5878659096,following
3925184557,5878659096,following
2705119801,5878659096,following
1296241304,5878659096,following
2516198102,5878659096,following
5142840067,5878659096,following
2799770923,5878659096,following
6270561648,5878659096,following
1549115867,5878659096,following
1757353251,5878659096,following
1740577714,5186027114,following
1752502537,5186027114,following
1883881851,5186027114,following
1904178193,5186027114,following
1642512402,5186027114,following
3494982177,5186027114,following
3925184557,5186027114,following
2705119801,5186027114,following
5117510254,5186027114,following
1192329374,5186027114,following
1830483711,5186027114,following
1887961351,5186027114,following
2803301701,5186027114,following
1624923463,5186027114,following
1195242865,5186027114,following
6526308241,5186027114,following
1574684061,5186027114,following
5337346496,5186027114,following
1549115867,5186027114,following
1223178222,5186027114,following
1757353251,5186027114,following
1740577714,2850809427,following
1752502537,2850809427,following
5589708812,2850809427,following
3494982177,2850809427,following
3925184557,2850809427,following
2705119801,2850809427,following
6680591963,2850809427,following
6651652733,2850809427,following
6278540948,2850809427,following
2982152367,2850809427,following
1822398137,2850809427,following
2516198102,2850809427,following
1659928803,2850809427,following
1730726637,2850809427,following
1830483711,2850809427,following
1887961351,2850809427,following
3032210184,2850809427,following
3662247177,2850809427,following
1926909715,2850809427,following
2714280233,2850809427,following
2799770923,2850809427,following
6078801724,2850809427,following
2803301701,2850809427,following
2478838621,2850809427,following
1406387602,2850809427,following
2142058927,2850809427,following
5337346496,2850809427,following
1223178222,2850809427,following
1757353251,2850809427,following
1740577714,3587960280,following
1752502537,3587960280,following
1883881851,3587960280,following
3494982177,3587960280,following
3925184557,3587960280,following
2705119801,3587960280,following
1087770692,3587960280,following
5117510254,3587960280,following
6651652733,3587960280,following
6278540948,3587960280,following
1192329374,3587960280,following
6866528424,3587960280,following
1830483711,3587960280,following
5142840067,3587960280,following
1887961351,3587960280,following
1926909715,3587960280,following
2714280233,3587960280,following
2799770923,3587960280,following
1289997621,3587960280,following
2803301701,3587960280,following
1624923463,3587960280,following
2478838621,3587960280,following
6270561648,3587960280,following
1195242865,3587960280,following
3212642182,3587960280,following
1406387602,3587960280,following
2142058927,3587960280,following
5337346496,3587960280,following
1241148864,3587960280,following
1549115867,3587960280,following
1223178222,3587960280,following
1757353251,3587960280,following
1752502537,5813256522,following
1192329374,5813256522,following
1642591402,5813256522,following
1893711543,5813256522,following
3197269764,5813256522,following
3662247177,5813256522,following
1220926753,5813256522,following
2766575417,5813256522,following
6270561648,5813256522,following
1574684061,5813256522,following
1526202781,5813256522,following
1241148864,5813256522,following
1549115867,5813256522,following
1752502537,1632538541,following
1195242865,1632538541,following
1752502537,3977475932,following
1752502537,2465367492,following
1752502537,1316224750,following
3197269764,1316224750,following
1241148864,1316224750,following
1740577714,6336710565,following
1752502537,6336710565,following
2028810631,6336710565,following
2115034114,6336710565,following
5589708812,6336710565,following
1642512402,6336710565,following
3925184557,6336710565,following
2705119801,6336710565,following
5291824241,6336710565,following
2671109275,6336710565,following
2909406375,6336710565,following
1893711543,6336710565,following
2516198102,6336710565,following
5142840067,6336710565,following
3197269764,6336710565,following
1887961351,6336710565,following
1926909715,6336710565,following
6896373524,6336710565,following
5710151998,6336710565,following
2478838621,6336710565,following
1642634100,6336710565,following
1564245382,6336710565,following
6526308241,6336710565,following
1406387602,6336710565,following
1750070171,6336710565,following
5337346496,6336710565,following
5375583682,6336710565,following
1549115867,6336710565,following
5255814135,6336710565,following
1752502537,6359324790,following
1752502537,5953071485,following
1752502537,6062005686,following
1752502537,2475968785,following
1752502537,1869580850,following
1752502537,2164875510,following
1752502537,5760592303,following
1752502537,3869834805,following
1752502537,2520741503,following
1752502537,3933821035,following
1752502537,6369820151,following
1752502537,2675681163,following
1752502537,3387165334,following
1752502537,1705586121,following
3925184557,1705586121,following
2909406375,1705586121,following
5142840067,1705586121,following
2714280233,1705586121,following
2766575417,1705586121,following
1624923463,1705586121,following
1740577714,5743923782,following
1752502537,5743923782,following
2028810631,5743923782,following
1784473157,5743923782,following
1883881851,5743923782,following
2115034114,5743923782,following
1642512402,5743923782,following
3725773862,5743923782,following
3925184557,5743923782,following
3214806072,5743923782,following
2705119801,5743923782,following
5117510254,5743923782,following
5291824241,5743923782,following
6189479561,5743923782,following
6278540948,5743923782,following
1296241304,5743923782,following
1192329374,5743923782,following
1642591402,5743923782,following
1893711543,5743923782,following
2516198102,5743923782,following
1659928803,5743923782,following
1730726637,5743923782,following
1830483711,5743923782,following
5142840067,5743923782,following
1887961351,5743923782,following
6896373524,5743923782,following
2714280233,5743923782,following
2799770923,5743923782,following
2766575417,5743923782,following
1624923463,5743923782,following
6270561648,5743923782,following
1195242865,5743923782,following
1406387602,5743923782,following
1574684061,5743923782,following
2142058927,5743923782,following
5337346496,5743923782,following
1241148864,5743923782,following
5375583682,5743923782,following
1549115867,5743923782,following
1223178222,5743923782,following
1757353251,5743923782,following
1740577714,2715025067,following
1752502537,2715025067,following
1883881851,2715025067,following
1642512402,2715025067,following
3925184557,2715025067,following
3214806072,2715025067,following
2110705772,2715025067,following
5117510254,2715025067,following
6189479561,2715025067,following
6278540948,2715025067,following
1192329374,2715025067,following
2516198102,2715025067,following
1830483711,2715025067,following
1887961351,2715025067,following
3032210184,2715025067,following
6896373524,2715025067,following
2799770923,2715025067,following
2803301701,2715025067,following
1624923463,2715025067,following
6270561648,2715025067,following
1195242865,2715025067,following
1406387602,2715025067,following
2142058927,2715025067,following
5337346496,2715025067,following
1241148864,2715025067,following
1549115867,2715025067,following
1223178222,2715025067,following
5255814135,2715025067,following
1757353251,2715025067,following
1752502537,2706896955,following
2115034114,2706896955,following
3925184557,2706896955,following
6189479561,2706896955,following
2671109275,2706896955,following
2909406375,2706896955,following
1642591402,2706896955,following
1220926753,2706896955,following
5180044582,2706896955,following
1624923463,2706896955,following
6270561648,2706896955,following
1549115867,2706896955,following
1752502537,1426725707,following
1087770692,1426725707,following
1752502537,1618051664,following
6651652733,1618051664,following
1752502537,5796731205,following
1784473157,5796731205,following
1883881851,5796731205,following
2705119801,5796731205,following
5291824241,5796731205,following
1642591402,5796731205,following
2516198102,5796731205,following
2799770923,5796731205,following
1241148864,5796731205,following
1752502537,6060232099,following
1752502537,1337925752,following
6270561648,1337925752,following
1223178222,1337925752,following
1752502537,6087552304,following
1752502537,1197191492,following
2115034114,1197191492,following
6189479561,1197191492,following
5209478895,1197191492,following
1624923463,1197191492,following
6270561648,1197191492,following
1526202781,1197191492,following
1752502537,1259773564,following
1752502537,1739046981,following
1241148864,1739046981,following
1752502537,1743185457,following
1752502537,1926243773,following
1752502537,5353709229,following
1752502537,1909195377,following
1752502537,2748492450,following
1752502537,3591355593,following
3925184557,3591355593,following
3214806072,3591355593,following
2909406375,3591355593,following
2982152367,3591355593,following
3662247177,3591355593,following
1887790981,3591355593,following
6457307019,3591355593,following
1574684061,3591355593,following
2142058927,3591355593,following
1752502537,1256297812,following
1752502537,1717759773,following
1752502537,6041830341,following
1752502537,1943381273,following
1752502537,2519060723,following
1752502537,2770359791,following
3197269764,2770359791,following
1752502537,6126207171,following
1883881851,6126207171,following
1752502537,1309167357,following
1752502537,1970253207,following
1752502537,1838388131,following
1752502537,1659390800,following
1752502537,5234797239,following
1289997621,5234797239,following
1241148864,5234797239,following
1752502537,1470110647,following
1752502537,1254433995,following
3925184557,1254433995,following
1730726637,1254433995,following
1526202781,1254433995,following
1752502537,1867685751,following
1752502537,2005700673,following
1289997621,2005700673,following
1752502537,1419114151,following
1752502537,3062769307,following
1752502537,2093778914,following
5575133495,2093778914,following
1752502537,1819325063,following
1752502537,5903928380,following
1752502537,1227328177,following
5710151998,1227328177,following
1624923463,1227328177,following
1752502537,5691348370,following
1752502537,1225205711,following
1752502537,3536793902,following
1752502537,1763267845,following
1752502537,1792523155,following
1752502537,1340406064,following
5291824241,1340406064,following
2671109275,1340406064,following
1752502537,1228383497,following
1752502537,1198073405,following
1893711543,1198073405,following
7044218812,2115034114,following
2705119801,2115034114,following
6189479561,2115034114,following
5589708812,7044218812,following
7044218812,5589708812,following
5575133495,5589708812,following
5589708812,5338420153,following
5338420153,5589708812,following
7044218812,1904178193,following
2028810631,1904178193,following
1883881851,1904178193,following
3725773862,1904178193,following
5338420153,1904178193,following
7044218812,1642512402,following
1784473157,1642512402,following
5375583682,1642512402,following
7044218812,3494982177,following
7044218812,3725773862,following
2115034114,3725773862,following
5589708812,3725773862,following
3214806072,3725773862,following
2705119801,3725773862,following
2982152367,3725773862,following
5209478895,3725773862,following
3197269764,3725773862,following
5601456932,3725773862,following
1878335471,3725773862,following
5255814135,3725773862,following
7044218812,1638781994,following
2028810631,1638781994,following
1904178193,1638781994,following
5720474518,1638781994,following
1255795640,1638781994,following
5044281310,1638781994,following
1878335471,1638781994,following
1246850033,1638781994,following
7044218812,3925184557,following
2115034114,3925184557,following
7044218812,3214806072,following
7044218812,2705119801,following
2115034114,2705119801,following
5209478895,2705119801,following
7044218812,1087770692,following
2142058927,1087770692,following
1878335471,1087770692,following
7044218812,1748548681,following
1642512402,1748548681,following
1246850033,1748548681,following
7044218812,6680591963,following
7044218812,5948209766,following
7044218812,6593871464,following
1748548681,6593871464,following
5324927361,6593871464,following
7044218812,2110705772,following
6680591963,2110705772,following
6457307019,2110705772,following
1526202781,2110705772,following
5255814135,2110705772,following
7044218812,5117510254,following
7044218812,5291824241,following
5209478895,5291824241,following
3212642182,5291824241,following
7044218812,6651652733,following
6866528424,6651652733,following
2115034114,1730077315,following
1087770692,1730077315,following
2982152367,1730077315,following
2478838621,1730077315,following
7044218812,6189479561,following
7044218812,6278540948,following
7044218812,1296241304,following
2110705772,1296241304,following
2671109275,7044218812,following
7044218812,2671109275,following
2028810631,2671109275,following
5589708812,2671109275,following
2671109275,5575133495,following
6078801724,2671109275,following
1642634100,2671109275,following
7044218812,1192329374,following
2115034114,1192329374,following
3925184557,1192329374,following
5291824241,1192329374,following
6189479561,1192329374,following
2909406375,1192329374,following
2982152367,1192329374,following
5142840067,1192329374,following
5324927361,1192329374,following
1526202781,1192329374,following
2142058927,1192329374,following
7044218812,2909406375,following
7044218812,6866528424,following
3725773862,6866528424,following
6651652733,6866528424,following
1822398137,6866528424,following
7044218812,1642591402,following
1784473157,1642591402,following
1904178193,1642591402,following
3925184557,1642591402,following
2705119801,1642591402,following
5291824241,1642591402,following
2909406375,1642591402,following
1822398137,1642591402,following
5671786192,1642591402,following
1887961351,1642591402,following
3662247177,1642591402,following
6896373524,1642591402,following
6004281123,1642591402,following
5601456932,1642591402,following
6078801724,1642591402,following
2803301701,1642591402,following
6270561648,1642591402,following
6457307019,1642591402,following
5044281310,1642591402,following
1878335471,1642591402,following
1246850033,1642591402,following
5255814135,1642591402,following
1087770692,2870450862,following
5291824241,2870450862,following
2909406375,2870450862,following
1642591402,2870450862,following
2982152367,2870450862,following
5671786192,2870450862,following
1887961351,2870450862,following
3662247177,2870450862,following
1220926753,2870450862,following
2142058927,2870450862,following
1549115867,2870450862,following
7044218812,2982152367,following
5471534537,2982152367,following
7044218812,1893711543,following
2705119801,1893711543,following
5117510254,1893711543,following
5209478895,1893711543,following
6457307019,1893711543,following
1246850033,1893711543,following
5909342713,1893711543,following
7044218812,1822398137,following
6680591963,1822398137,following
6866528424,1822398137,following
2982152367,1822398137,following
2479684881,1822398137,following
2478838621,1822398137,following
6457307019,1822398137,following
7044218812,5671786192,following
2982152367,5671786192,following
5142840067,5671786192,following
2479684881,5671786192,following
5601456932,5671786192,following
5337346496,5671786192,following
7044218812,1887344341,following
6078801724,1887344341,following
7044218812,2516198102,following
3925184557,3623353053,following
1748548681,3623353053,following
2909406375,3623353053,following
1730726637,3623353053,following
5209478895,3623353053,following
3662247177,3623353053,following
5180044582,3623353053,following
2766575417,3623353053,following
1624923463,3623353053,following
1195242865,3623353053,following
1574684061,3623353053,following
1241148864,3623353053,following
1549115867,3623353053,following
7044218812,1659928803,following
7044218812,1730726637,following
5589708812,1730726637,following
2909406375,1730726637,following
2982152367,1730726637,following
5671786192,1730726637,following
1289997621,1730726637,following
6526308241,1730726637,following
7044218812,5209478895,following
2115034114,5209478895,following
2705119801,5209478895,following
5324927361,5209478895,following
5255814135,5209478895,following
7044218812,1768198384,following
1784473157,1768198384,following
2115034114,1768198384,following
1642634100,1768198384,following
1549115867,1768198384,following
7044218812,1830483711,following
7044218812,5142840067,following
6189479561,5142840067,following
7044218812,3197269764,following
2115034114,2687827715,following
2909406375,2687827715,following
6866528424,2687827715,following
2516198102,2687827715,following
7044218812,1887961351,following
5142840067,1887961351,following
7044218812,3032210184,following
7044218812,3662247177,following
2115034114,3662247177,following
7044218812,2479684881,following
2705119801,2479684881,following
6189479561,2479684881,following
5142840067,2479684881,following
3212642182,2479684881,following
7044218812,5042958097,following
5589708812,5042958097,following
7044218812,1926909715,following
2028810631,1926909715,following
1784473157,1926909715,following
6896373524,7044218812,following
7044218812,6896373524,following
6896373524,1564245382,following
1564245382,6896373524,following
2705119801,1815418641,following
6189479561,1815418641,following
2982152367,1815418641,following
1887961351,1815418641,following
3662247177,1815418641,following
1289997621,1815418641,following
3212642182,1815418641,following
2142058927,1815418641,following
7044218812,2392261910,following
1926909715,2392261910,following
7044218812,1220926753,following
5209478895,1220926753,following
5142840067,1220926753,following
6270561648,1220926753,following
2142058927,1220926753,following
7044218812,6004281123,following
1784473157,6004281123,following
1904178193,6004281123,following
1642512402,6004281123,following
6593871464,6004281123,following
5209478895,6004281123,following
1768198384,6004281123,following
6078801724,6004281123,following
1750070171,6004281123,following
5044281310,6004281123,following
5255814135,6004281123,following
7044218812,5601456932,following
2115034114,5601456932,following
2982152367,5601456932,following
5671786192,5601456932,following
5209478895,5601456932,following
5142840067,5601456932,following
5324927361,5601456932,following
3212642182,5601456932,following
6457307019,5601456932,following
1526202781,5601456932,following
1878335471,5601456932,following
7044218812,5180044582,following
5324927361,5180044582,following
7044218812,2714280233,following
2982152367,2714280233,following
5671786192,2714280233,following
1574684061,2714280233,following
7044218812,2799770923,following
7044218812,1289997621,following
2982152367,1289997621,following
1564245382,1289997621,following
5575133495,7044218812,following
7044218812,5575133495,following
5575133495,5589708812,following
5338420153,5575133495,following
7044218812,2766575417,following
2028810631,6190532921,following
1784473157,6190532921,following
2115034114,6190532921,following
1904178193,6190532921,following
3725773862,6190532921,following
3214806072,6190532921,following
5291824241,6190532921,following
2671109275,6190532921,following
1893711543,6190532921,following
1195242865,6190532921,following
1526202781,6190532921,following
5337346496,6190532921,following
3925184557,2609400635,following
2909406375,2609400635,following
5671786192,2609400635,following
5142840067,2609400635,following
3662247177,2609400635,following
1624923463,2609400635,following
6270561648,2609400635,following
1574684061,2609400635,following
1241148864,2609400635,following
1549115867,2609400635,following
7044218812,6078801724,following
7044218812,1642904381,following
1904178193,1642904381,following
6651652733,1642904381,following
5601456932,1642904381,following
2766575417,1642904381,following
7044218812,5710151998,following
1526202781,5710151998,following
5909342713,5710151998,following
7044218812,2803301701,following
2028810631,2803301701,following
1784473157,2803301701,following
5589708812,2803301701,following
1904178193,2803301701,following
6651652733,2803301701,following
6866528424,2803301701,following
1887344341,2803301701,following
2516198102,2803301701,following
5042958097,2803301701,following
6004281123,2803301701,following
1750070171,2803301701,following
1246850033,2803301701,following
7044218812,1624923463,following
5291824241,1624923463,following
2982152367,1624923463,following
1887961351,1624923463,following
5601456932,1624923463,following
1195242865,1624923463,following
2028810631,2812335943,following
3925184557,2812335943,following
6189479561,2812335943,following
2909406375,2812335943,following
5671786192,2812335943,following
1730726637,2812335943,following
3662247177,2812335943,following
2766575417,2812335943,following
1624923463,2812335943,following
1195242865,2812335943,following
1574684061,2812335943,following
1241148864,2812335943,following
1549115867,2812335943,following
5255814135,2812335943,following
3662247177,1804549454,following
1406387602,1804549454,following
7044218812,7036200791,following
1255795640,7036200791,following
7044218812,2478838621,following
6593871464,2478838621,following
1822398137,2478838621,following
5324927361,2478838621,following
6526308241,2478838621,following
7044218812,6270561648,following
7044218812,1195242865,following
2115034114,1195242865,following
3725773862,1195242865,following
3925184557,1195242865,following
2705119801,1195242865,following
2982152367,1195242865,following
1887961351,1195242865,following
2766575417,1195242865,following
1624923463,1195242865,following
7044218812,1642634100,following
2671109275,1642634100,following
6004281123,1642634100,following
7044218812,5324927361,following
7044218812,1887790981,following
7044218812,3212642182,following
1564245382,7044218812,following
7044218812,1564245382,following
1564245382,6896373524,following
6896373524,1564245382,following
7044218812,2214257545,following
2028810631,2214257545,following
1748548681,2214257545,following
5117510254,2214257545,following
6004281123,2214257545,following
5338420153,2214257545,following
7044218812,6457307019,following
7044218812,6526308241,following
7044218812,1406387602,following
7044218812,5720474518,following
5589708812,5720474518,following
1904178193,5720474518,following
1638781994,5720474518,following
7044218812,1750070171,following
1748548681,1750070171,following
1564245382,1750070171,following
7044218812,1574684061,following
1087770692,1574684061,following
5142840067,1574684061,following
2714280233,1574684061,following
1241148864,1574684061,following
7044218812,1526202781,following
1549115867,1526202781,following
7044218812,2142058927,following
1087770692,2142058927,following
6189479561,2142058927,following
2909406375,2142058927,following
2982152367,2142058927,following
3662247177,2142058927,following
1220926753,2142058927,following
6526308241,2142058927,following
5720474518,2142058927,following
7044218812,1255795640,following
1748548681,1255795640,following
5338420153,7044218812,following
7044218812,5338420153,following
5338420153,5589708812,following
5589708812,5338420153,following
5338420153,5575133495,following
7044218812,5337346496,following
7044218812,1241148864,following
2115034114,1241148864,following
5589708812,1241148864,following
6189479561,1241148864,following
2909406375,1241148864,following
2766575417,1241148864,following
6270561648,1241148864,following
3212642182,1241148864,following
1549115867,1241148864,following
1757353251,1241148864,following
7044218812,5375583682,following
1642512402,5375583682,following
1642591402,5375583682,following
6457307019,5375583682,following
5338420153,5375583682,following
7044218812,5471534537,following
2115034114,5471534537,following
5589708812,5471534537,following
2909406375,5471534537,following
5209478895,5471534537,following
2766575417,5471534537,following
7044218812,1549115867,following
7044218812,5044281310,following
1784473157,5044281310,following
1904178193,5044281310,following
6651652733,5044281310,following
6004281123,5044281310,following
6078801724,5044281310,following
2803301701,5044281310,following
5338420153,5044281310,following
7044218812,1223178222,following
5589708812,1223178222,following
1195242865,1223178222,following
7044218812,1878335471,following
6680591963,1878335471,following
6651652733,1878335471,following
1659928803,1878335471,following
5209478895,1878335471,following
1887961351,1878335471,following
5601456932,1878335471,following
2766575417,1878335471,following
6457307019,1878335471,following
1526202781,1878335471,following
5909342713,1878335471,following
7044218812,1246850033,following
1893711543,1246850033,following
7044218812,5255814135,following
2982152367,5255814135,following
5142840067,5255814135,following
2479684881,5255814135,following
5042958097,5255814135,following
3212642182,5255814135,following
6457307019,5255814135,following
1192329374,1776448504,following
2909406375,1776448504,following
1642591402,1776448504,following
2982152367,1776448504,following
1893711543,1776448504,following
1659928803,1776448504,following
5142840067,1776448504,following
3662247177,1776448504,following
5710151998,1776448504,following
1574684061,1776448504,following
1241148864,1776448504,following
1549115867,1776448504,following
7044218812,5909342713,following
2705119801,5909342713,following
2982152367,5909342713,following
5209478895,5909342713,following
5142840067,5909342713,following
3212642182,5909342713,following
1526202781,5909342713,following
7044218812,1757353251,following
5338420153,1757353251,following
